<?xml version="1.0" encoding="UTF-8"?>
<beans
    xmlns="http://www.springframework.org/schema/beans"
    xmlns:xsi="http://www.w3.org/2001/XMLSchema-instance"
    xmlns:context="http://www.springframework.org/schema/context"
    xmlns:tx="http://www.springframework.org/schema/tx"
    xmlns:mvc="http://www.springframework.org/schema/mvc"
    xsi:schemaLocation="http://www.springframework.org/schema/mvc 
    http://www.springframework.org/schema/mvc/spring-mvc-4.0.xsd
    http://www.springframework.org/schema/beans 
    http://www.springframework.org/schema/beans/spring-beans-4.0.xsd
    http://www.springframework.org/schema/context 
    http://www.springframework.org/schema/context/spring-context-4.0.xsd
    http://www.springframework.org/schema/tx 
    http://www.springframework.org/schema/tx/spring-tx-4.0.xsd">

 <tx:annotation-driven/> 
<context:component-scan base-package="Productcrm"/>

<bean class="org.springframework.web.servlet.view.InternalResourceViewResolver" name="viewResolver">
<property name="prefix" value="/WEB-INF/views/"></property>
<property name="suffix" value=".jsp"></property>
</bean>

 <!-- Define your data source -->
    <bean class="org.springframework.jdbc.datasource.DriverManagerDataSource" name="ds">
        <property name="driverClassName" value="com.mysql.cj.jdbc.Driver"/>
        <property name="url" value="jdbc:mysql://localhost:3306/SPRINGJDBC"/>
        <property name="username" value="root"/>
        <property name="password" value="ROOOT@12345"/>
    </bean>

    <!-- Define your session factory -->
    <bean class="org.springframework.orm.hibernate5.LocalSessionFactoryBean" name="factory">
        <property name="dataSource" ref="ds"/>
        <property name="hibernateProperties">
            <props>
                <prop key="hibernate.dialect">org.hibernate.dialect.MySQL8Dialect</prop>
                <prop key="hibernate.show_sql">true</prop>
                <prop key="hibernate.hbm2ddl.auto">update</prop>
            </props>
        </property>
        <property name="annotatedClasses">
            <list>
                <value>Productcrm.model.Product</value>
            </list>
        </property>
    </bean>

    <!-- Define your HibernateTemplate bean -->
    <bean class="org.springframework.orm.hibernate5.HibernateTemplate" name="ht">
        <property name="sessionFactory" ref="factory"/>
    </bean>

 <bean class="org.springframework.orm.hibernate5.HibernateTransactionManager" name="transactionManager">
        <property name="sessionFactory" ref="factory"/>
    </bean>


</beans>